Manuscript item,Producer,Frozen output,Input(s)
"Table 1: data used in the empirical analysis",25_submission_tables.py,output/tables/paper_table1_data_used.csv,data/processed/analysis_sample.csv; data/processed/equity_sample.csv; data/external/nifty50.csv; data/external/india_vix.csv; output/tables/table14_cross_market_fingerprint.csv; output/tables/table15_vix_anchor.csv
"Abstract / Table 3: ordinary-equity sample size and zero-range result","03_descriptive.py (source quantities); 25_submission_tables.py (manuscript table)",output/tables/paper_table3_instrument_classification_effect.csv; output/tables/table3_pathologies_by_decile.csv,data/processed/panel_trades_clean.csv
"Abstract / Section 6.3: India VIX correlations",09_cross_market_control.py,output/tables/table15_vix_anchor.csv; output/figures/fig12_cross_market.png,data/external/nifty50.csv; data/external/india_vix.csv
"Abstract / Section 6.3 / Section 10: single-session sensitivity of the NIFTY benchmark",09_cross_market_control.py,output/tables/table31_nifty_outlier_sensitivity.csv,data/external/nifty50.csv; data/external/india_vix.csv
"Section 3: duplicate reconciliation (long-history panel)",24_duplicate_key_reconciliation.py,output/tables/table29_duplicate_reconciliation.csv,data/audit/duplicate_key_rows.csv
"Section 3: duplicate classification (daily-trades panel) - the audit referee item 1 required",02_build_panel.py,data/processed/audit/panel_trades_duplicate_audit.csv,data/raw/stock-daily-trades/ (not redistributed)
"Section 3 / Section 4: NEPSE trading calendar and session ordinal",02_build_panel.py,data/processed/nepse_trading_calendar.csv,data/raw/stock-daily-trades/ (not redistributed)
"Section 3 / Section 5.1 / Table 9: instrument-classification audit against the external security master",27_classification_audit.py,output/tables/table36_classification_audit.csv; output/tables/table37_classification_disagreements.csv; output/tables/paper_table9_classification_audit.csv,data/processed/panel_trades_clean.csv; data/external/nepse_security_master.csv
"Section 5.1 / Figure 1: universe composition",22_universe_composition.py,output/tables/table27_universe_composition.csv; output/tables/instrument_classification.csv; output/figures/fig21_universe_composition.png,data/processed/analysis_sample.csv; data/processed/equity_sample.csv
"Section 5.1: thinnest stock-day decile is 94.3% non-equity",03_descriptive.py,output/tables/table3b_instrument_composition_by_stockday_decile.csv,data/processed/panel_trades_clean.csv
"Section 5.2 / Figure 2: pooled trading intensity",03_descriptive.py,output/figures/fig1_trading_intensity.png,data/processed/panel_trades_clean.csv
"Section 5.2 (supporting diagnostic, not a manuscript figure): pathology rates by decile",03_descriptive.py,output/figures/fig5_pathologies.png; output/tables/table3_pathologies_by_decile.csv,data/processed/panel_trades_clean.csv
"Section 5.3 / Figure 3: opening-auction diagnostics",13_opening_auction.py,output/tables/table19_opening_auction.csv; output/figures/fig15_opening_auction.png,data/processed/equity_sample.csv
"Section 5.4 / Figure 4: benchmark diagnosis, same-sample RS numerator with multiway intervals",12_benchmark_diagnosis.py,output/tables/table18_benchmark_diagnosis.csv; output/figures/fig14_benchmark_diagnosis.png,data/processed/equity_sample.csv; data/external/nifty50.csv; data/external/nepse_index_history.csv
"Section 6.2 / Table 4 / Figure 5: cross-market fingerprint","09_cross_market_control.py (source quantities); 25_submission_tables.py (manuscript table)",output/tables/table14_cross_market_fingerprint.csv; output/tables/paper_table4_cross_market_fingerprint.csv; output/figures/fig12_cross_market.png,data/processed/equity_sample.csv; data/external/nifty50.csv; data/external/nepse_index_history.csv
"Section 6.2: pooled-universe thinnest bucket comparison",09_cross_market_control.py,output/tables/table30_pooled_thin_comparison.csv,data/processed/analysis_sample.csv
"Section 6.4 / Table 5 / Figure 6: AddRS benchmark","17_addrs_benchmark.py; 19_addrs_premise.py (source quantities); 25_submission_tables.py (manuscript table)",output/tables/table23_addrs_benchmark.csv; output/tables/paper_table5_addrs_benchmark.csv; output/tables/table25_1_addrs_premise.csv; output/tables/table25_2_addrs_premise.csv; output/tables/table25_3_addrs_premise.csv; output/figures/fig18_addrs_benchmark.png,data/processed/equity_sample.csv; data/external/nifty50.csv
"Section 6.5 / Table 6: predetermined liquidity sorting with multiway-cluster intervals","26_robustness.py (source quantities); 25_submission_tables.py (manuscript table)",output/tables/table32_predetermined_liquidity.csv; output/tables/paper_table6_predetermined_liquidity.csv,data/processed/equity_sample.csv
"Section 6.5 / Table 7: all six named estimators against scope- and row-matched proxies","26_robustness.py (source quantities); 25_submission_tables.py (manuscript table)",output/tables/table33_estimator_ratios_bootstrap.csv; output/tables/paper_table7_all_estimators.csv,data/processed/equity_sample.csv
"Section 3 / Section 6.5 / Table 8: OHLC envelope-repair sensitivity","26_robustness.py (source quantities); 25_submission_tables.py (manuscript table)",output/tables/table34_repair_sensitivity.csv; output/tables/paper_table8_repair_sensitivity.csv,data/processed/equity_sample.csv
"Section 4.5 / Section 6.5: previous-close definitions reconciled against the Section 4.5 definition",26_robustness.py,output/tables/table38_prev_close_reconciliation.csv,data/processed/equity_sample.csv; data/processed/nepse_trading_calendar.csv
"Section 4 / Section 7.1: NEPSE annualisation factor A from the detected calendar",26_robustness.py,output/tables/table35_nepse_annualization.csv,data/processed/nepse_trading_calendar.csv
"Submission QA ledger (all headline values)",25_submission_tables.py,PAPER_RESULTS_CHECK.csv,output/tables/*.csv
"Section 6.1 / Section 6.5 / Table 10: panel balance and participation by liquidity quintile","28_panel_balance.py (source quantities); 25_submission_tables.py (manuscript table)",output/tables/table39_panel_balance.csv; output/tables/table40_participation_by_quintile.csv; output/tables/table41_equal_security_ratios.csv; output/tables/paper_table10_panel_balance.csv,data/processed/equity_sample.csv
"Section 6.1 / Section 6.5 / Table 11: the extreme thin tail, reported separately from the aggregate quintile","28_panel_balance.py (source quantities); 25_submission_tables.py (manuscript table)",output/tables/table42_thin_tail.csv; output/tables/paper_table11_thin_tail.csv,data/processed/equity_sample.csv
"Section 4.5 / Section 6.5 / Table 12: Yang-Zhang horizon match and corporate-action-adjusted previous close","26_robustness.py; nepsevol.estimators.range_.yang_zhang_benchmark; nepsevol.corporate_actions module (source quantities); 25_submission_tables.py (manuscript table)",output/tables/table48_yang_zhang_horizon.csv; output/tables/paper_table12_yang_zhang_horizon.csv,data/processed/equity_sample.csv
"Section 3 / Section 4.5: classification of the 315 previous-close disagreements",26_robustness.py; nepsevol.corporate_actions module,output/tables/table47_corporate_action_audit.csv,data/processed/equity_sample.csv
"Section 6.3 / Section 10 / Table 13: India VIX correlation, full sample versus the NEPSE-overlap window","09_cross_market_control.py (source quantities); 25_submission_tables.py (manuscript table)",output/tables/table50_vix_period_sensitivity.csv; output/tables/paper_table13_vix_period_sensitivity.csv,data/external/nifty50.csv; data/external/india_vix.csv
"Section 6.2 / Section 6.5 / Table 14: information content (Pearson/Spearman) against the matched proxy","28_panel_balance.py (source quantities); 25_submission_tables.py (manuscript table)",output/tables/table43_information_content.csv; output/tables/paper_table14_information_content.csv,data/processed/equity_sample.csv
"Section 5.4 / Section 6.5 / Table 7 / Table 15: prespecified equivalence margin and block-date dependence structure","nepsevol.equivalence module; 26_robustness.py (source quantities); 25_submission_tables.py (manuscript table)",output/tables/table49_interval_by_dependence.csv; output/tables/paper_table15_dependence_structure.csv,data/processed/equity_sample.csv
"Section 3 / Section 6.5 / Table 16: panel balance, calendar cross-check and staleness-threshold sensitivity","28_panel_balance.py; 29_calendar_validation.py (source quantities); 25_submission_tables.py (manuscript table)",output/tables/table39_panel_balance.csv; output/tables/table44_calendar_external_validation.csv; output/tables/table45_staleness_threshold_sensitivity.csv; output/tables/paper_table16_further_validation.csv,data/processed/equity_sample.csv; data/processed/nepse_trading_calendar.csv
"Section 7.1: annualisation factor by trading-week regime (supporting detail for Section 7.1's A ~ 229.6)",26_robustness.py,output/tables/table46_annualisation_regimes.csv,data/processed/nepse_trading_calendar.csv
"Section 9 / data/processed/BUILD-MANIFEST.json: manifest repaired to an honest, non-contradictory provenance claim",30_repair_build_manifest.py,data/processed/BUILD-MANIFEST.json,src/nepsevol/provenance.py
"Section 3 / Table 17: master-coverage sensitivity, omitting the ten securities absent from the external security master","27_classification_audit.py (source quantities); 25_submission_tables.py (manuscript table)",output/tables/table51_master_coverage_sensitivity.csv; output/tables/paper_table17_master_coverage_sensitivity.csv,data/processed/equity_sample.csv; data/external/nepse_security_master.csv
"Section 6.2 / Section 7.2 / Table 18: equivalence verdicts across the margin grid and both confidence levels","nepsevol.equivalence module; 26_robustness.py (source quantities); 25_submission_tables.py (manuscript table)",output/tables/table54_equivalence_margin_sensitivity.csv; output/tables/paper_table18_equivalence_margin_sensitivity.csv,data/processed/equity_sample.csv
"Section 6.1 / Table 19: the estimand's weighting, all six estimators","28_panel_balance.py (source quantities); 25_submission_tables.py (manuscript table)",output/tables/table52_weighting_all_estimators.csv; output/tables/paper_table19_weighting_all_estimators.csv,data/processed/equity_sample.csv
"Section 6.1 / Table 20: SD ratio by length of observed history","28_panel_balance.py (source quantities); 25_submission_tables.py (manuscript table)",output/tables/table53_ratio_by_history_stratum.csv; output/tables/paper_table20_ratio_by_history_stratum.csv,data/processed/equity_sample.csv
"Section 6.1 / Section 10 / Table 21: thin stock-days under the lagged, outcome-independent liquidity screen","31_lagged_thinness_screen.py (source quantities); 25_submission_tables.py (manuscript table)",output/tables/table55_lagged_thinness_baseline.csv; output/tables/paper_table21_lagged_thinness_screen.csv,data/processed/equity_sample.csv; data/processed/nepse_trading_calendar.csv
"Section 6.1 / Table 22: sensitivity of the lagged thinness screen (threshold grid, history floor, components)","31_lagged_thinness_screen.py (source quantities); 25_submission_tables.py (manuscript table)",output/tables/table56_lagged_thinness_grid.csv; output/tables/table57_lagged_thinness_history_floor.csv; output/tables/table58_lagged_thinness_components.csv; output/tables/paper_table22_lagged_thinness_sensitivity.csv,data/processed/equity_sample.csv; data/processed/nepse_trading_calendar.csv
"Section 6.3 / Table 23: India VIX as a forward forecast of realised NIFTY volatility (non-overlapping windows)","32_vix_forward_validation.py (source quantities); 25_submission_tables.py (manuscript table)",output/tables/table59_vix_forward_primary.csv; output/tables/table60_vix_forward_changes.csv; output/tables/paper_table23_vix_forward_primary.csv,data/external/nifty50.csv; data/external/india_vix.csv
"Section 6.3 / Table 24: lead-lag, the same VIX observation against its own past and future","32_vix_forward_validation.py (source quantities); 25_submission_tables.py (manuscript table)",output/tables/table61_vix_leadlag.csv; output/tables/paper_table24_vix_leadlag.csv,data/external/nifty50.csv; data/external/india_vix.csv
"Section 6.3 / Table 25: forward-test sensitivity (overlapping windows) and the Parkinson vs close-to-close comparison","32_vix_forward_validation.py (source quantities); 25_submission_tables.py (manuscript table)",output/tables/table62_vix_forward_overlapping.csv; output/tables/table63_vix_parkinson_vs_cc.csv; output/tables/paper_table25_vix_forward_sensitivity.csv,data/external/nifty50.csv; data/external/india_vix.csv
"Section 6.3: reconciliation of the circulated 0.776/0.832 correlations and 0.602/0.692 R-squared values",32_vix_forward_validation.py,output/tables/table64_vix_number_reconciliation.csv,output/tables/table15_vix_anchor.csv; output/tables/table31_nifty_outlier_sensitivity.csv
"Section 6.3 / Table 26: forecast error, does India VIX exceed subsequent realised volatility","32_vix_forward_validation.py (source quantities); 25_submission_tables.py (manuscript table)",output/tables/table66_vix_forecast_error.csv; output/tables/paper_table26_vix_forecast_error.csv,data/external/nifty50.csv; data/external/india_vix.csv
"Section 6.3 / Table 27: paired-comparison inference for the two dependent correlations","32_vix_forward_validation.py (source quantities); 25_submission_tables.py (manuscript table)",output/tables/table65_vix_paired_comparison.csv; output/tables/paper_table27_vix_paired_comparison.csv,data/external/nifty50.csv; data/external/india_vix.csv
"Section 6.3 / Table 28: serial dependence of the forecast origins, and analytic vs paired block-bootstrap intervals","32_vix_forward_validation.py (source quantities); 25_submission_tables.py (manuscript table)",output/tables/table67_forward_origin_dependence.csv; output/tables/table68_forward_block_bootstrap.csv; output/tables/table69_forward_difference_block.csv; output/tables/paper_table28_forward_dependence.csv,data/external/nifty50.csv; data/external/india_vix.csv
"Section 6.3: automatic block-length selection for the forward-test intervals",32_vix_forward_validation.py,output/tables/table70_block_length_selection.csv,data/external/nifty50.csv; data/external/india_vix.csv
"Section 1 / Section 2 (M13): targeted Nepal literature search log",33_nepal_literature_matrix.py,output/tables/table71_nepal_search_log.csv,executed web searches (queries and dates recorded in the table)
"Section 1 / Section 2 (M13): Nepal literature evidence matrix, one row per included study",33_nepal_literature_matrix.py,output/tables/table72_nepal_literature_matrix.csv,output/tables/table73_nepal_screening_ledger.csv
"Section 1 / Section 2 (M13): screening ledger, one row per located record",33_nepal_literature_matrix.py,output/tables/table73_nepal_screening_ledger.csv,output/tables/table71_nepal_search_log.csv
"Section 6.6 / Table 29 (M14): instrumented calibration slopes, additive shares and naive statistics, every named estimator",34_instrumented_calibration.py (source quantities); 25_submission_tables.py (manuscript table),output/tables/table78_calibration_full.csv; output/tables/table86_m14_decisions.csv; output/tables/paper_table29_calibration_slopes.csv,data/processed/equity_sample.csv
Section 6.6 / Figure 7 (M14): mean ratios against calibration slopes by liquidity quintile; the H2 gradient,34_instrumented_calibration.py,output/tables/table79_calibration_by_liquidity.csv; output/tables/table79b_slope_gradient.csv; output/figures/fig22_calibration_masking.png,data/processed/equity_sample.csv
"Section 6.6 (M14): closing-rule and band regimes, NIFTY 50 with India VIX as an external instrument, sensitivity variants",34_instrumented_calibration.py,output/tables/table82_regimes.csv; output/tables/table82b_regime_differences.csv; output/tables/table84_nifty_vix.csv; output/tables/table85_calibration_sensitivity.csv,data/processed/equity_sample.csv; data/external/nifty50.csv; data/external/india_vix.csv
Section 6.6 (M14): Monte Carlo validation of the calibration where the truth is known,35_calibration_simulation.py,output/tables/table74_mc_calibration.csv; output/tables/table75_mc_composite.csv; output/tables/table76_mc_endpoint_noise.csv; output/tables/table77_bm_vwap_efficiency.csv,src/nepsevol/estimators/microsim.py (simulated panels)
"Section 10 (M14, post hoc): security x regime fixed effects and the kernel-based transient share",36_calibration_exploratory.py,output/tables/table87_calibration_regime_fe.csv; output/tables/table88_endpoint_noise_share.csv,data/processed/equity_sample.csv
"Section 6.7 / Table 30 (M15): unbiasedness coefficient of the open by regime, opening zone and liquidity quintile; NIFTY 50",37_opening_price.py (source quantities); 25_submission_tables.py (manuscript table),output/tables/table89_m15_unbiasedness.csv; output/tables/table95_m15_nifty.csv; output/tables/paper_table30_opening_unbiasedness.csv,data/processed/equity_sample.csv; data/external/nifty50.csv
"Section 6.7 / Table 31 / Figure 8 (M15): the band-reform event window, placebo breaks, monthly series, dose-response and the decision ledger",37_opening_price.py (source quantities); 25_submission_tables.py (manuscript table),output/tables/table90_m15_event_window.csv; output/tables/table90b_m15_placebo_breaks.csv; output/tables/table91_m15_monthly.csv; output/tables/table92_m15_dose_response.csv; output/tables/table96_m15_decisions.csv; output/tables/paper_table31_band_reform_tests.csv; output/figures/fig23_opening_price.png,data/processed/equity_sample.csv
Section 6.7 / Table 32 (M15): Yang-Zhang decomposition and estimators against the proxy and the noise-robust kernel,37_opening_price.py (source quantities); 25_submission_tables.py (manuscript table),output/tables/table93_m15_estimator_evaluation.csv; output/tables/table94_m15_yang_zhang.csv; output/tables/paper_table32_open_and_estimators.csv,data/processed/equity_sample.csv; data/external/nifty50.csv
"Section 3 / Section 6.7 / Table 32 (M15, post hoc X1-X6): robustness of b, band-pinned opens, the open as session extreme, the bound on the open's error, closing-rule fingerprint, market vs idiosyncratic split",38_opening_price_exploratory.py,output/tables/table97_m15_posthoc.csv,data/processed/equity_sample.csv
"Package M16 (not in the manuscript): Anam's estimator, development evidence on NEPSE regimes A1 and B and simulated panels, including rejected alternatives",39_anam_development.py,output/tables/table98_anam_dev_forecast.csv; output/tables/table98b_anam_dev_calibration.csv; output/tables/table98c_anam_dev_lambda.csv; output/tables/table98d_anam_dev_rejected.csv; output/tables/table99_anam_dev_simulation.csv; output/tables/table100_anam_dev_level.csv; output/tables/table100b_anam_dev_noise.csv,data/processed/equity_sample.csv
"Package M16 (not in the manuscript): holdout verdicts for Anam's estimator on NEPSE A2 and C, NIFTY 50 and the S&P 500",40_anam_holdout.py,output/tables/table101_anam_holdout_forecast.csv; output/tables/table102_anam_holdout_level.csv; output/tables/table103_anam_holdout_noise.csv; output/tables/table104_anam_holdout_implied.csv; output/tables/table105_anam_holdout_decisions.csv,data/processed/equity_sample.csv; data/external/nifty50.csv; data/external/india_vix.csv; arch 8.0.0 datasets arch.data.sp500 and arch.data.vix
"Package M16 (not in the manuscript, post hoc Y1-Y2): calibration speed and a rule-change reset after the band reform",41_anam_posthoc.py,output/tables/table106_anam_posthoc_calibration.csv; output/tables/table106b_anam_posthoc_trajectory.csv,data/processed/equity_sample.csv
