Liquidity sort,Bucket,Stock-days,Median trades/day,Parkinson: SD ratio to matched proxy,95% CI (two-way),Rogers-Satchell: SD ratio to matched proxy,95% CI (two-way)
same-day (as published),Q1,29019,37,0.952,"[0.907, 0.9995]",0.986,"[0.906, 1.062]"
same-day (as published),Q2,28755,92,1.058,"[1.034, 1.085]",1.143,"[1.104, 1.186]"
same-day (as published),Q3,28619,165,1.041,"[1.021, 1.065]",1.108,"[1.076, 1.147]"
same-day (as published),Q4,28609,296,1.005,"[0.985, 1.027]",1.040,"[1.006, 1.076]"
same-day (as published),Q5,28716,698,0.974,"[0.956, 0.993]",0.977,"[0.947, 1.007]"
security-level (predetermined),Q1,28770,49,1.022,"[0.995, 1.049]",1.085,"[1.041, 1.128]"
security-level (predetermined),Q2,31143,106,1.037,"[1.015, 1.061]",1.098,"[1.062, 1.136]"
security-level (predetermined),Q3,32442,170,1.011,"[0.990, 1.032]",1.050,"[1.015, 1.085]"
security-level (predetermined),Q4,27701,260,0.984,"[0.961, 1.009]",1.003,"[0.964, 1.046]"
security-level (predetermined),Q5,23662,486,0.938,"[0.909, 0.967]",0.925,"[0.877, 0.974]"
lagged 60-session (predetermined),Q1,27711,42,1.025,"[0.9995, 1.053]",1.094,"[1.053, 1.141]"
lagged 60-session (predetermined),Q2,27482,98,1.031,"[1.008, 1.053]",1.089,"[1.052, 1.127]"
lagged 60-session (predetermined),Q3,27676,157,1.027,"[1.003, 1.052]",1.080,"[1.040, 1.120]"
lagged 60-session (predetermined),Q4,27533,254,1.010,"[0.990, 1.032]",1.047,"[1.013, 1.083]"
lagged 60-session (predetermined),Q5,27540,500,0.988,"[0.964, 1.013]",1.006,"[0.966, 1.048]"
