dec,stock_days,securities,median_trades,ordinary_equity_stock_days,non_equity_stock_days,non_equity_share
0,18810,371,2.0,1076,17734,0.9427963849016481
1,19022,408,10.0,4366,14656,0.7704762906108716
2,18011,353,30.0,12036,5975,0.3317417133973683
3,18164,332,57.0,16838,1326,0.07300154151068047
4,18291,317,92.0,17965,326,0.017822973046853645
5,18381,302,134.0,18194,187,0.010173548773189706
6,18535,297,191.0,18429,106,0.005718910169948746
7,18322,291,278.0,18220,102,0.005567077829931231
8,18454,281,437.0,18338,116,0.006285900075864311
9,18401,266,939.0,18256,145,0.007880006521384708
