market,window,test_span,estimator,phi,n,QLIKE,dQLIKE_vs_Anam,t_vs_Anam,dQLIKE_vs_P,t_vs_P,dQLIKE_vs_CC,t_vs_CC
DSE 2023-2026,5,test half,CC,0.4,155917,0.6340912132,0.002487812306,0.9017507307,-0.01793028444,-3.596941361,0,
DSE 2023-2026,5,test half,P,0.75,155917,0.6520214976,0.02041809675,5.562119188,0,,0.01793028444,3.596941361
DSE 2023-2026,5,test half,GK,0.7,155917,0.6512636824,0.01966028151,6.823462493,-0.0007578152335,-0.5246210241,0.01717246921,3.956440231
DSE 2023-2026,5,test half,RS,0.65,155917,0.6593135271,0.02771012626,9.64542411,0.007292029512,3.276056306,0.02522231395,6.311504131
DSE 2023-2026,5,test half,o2+P,0.55,155917,0.6590379933,0.02743459242,9.610750936,0.007016495673,1.937711393,0.02494678011,7.039654607
DSE 2023-2026,5,test half,o2+GK,0.55,155917,0.6617927369,0.03018933606,10.54300089,0.009771239318,2.637013157,0.02770152376,7.78189083
DSE 2023-2026,5,test half,YZ (daily form),0.55,155917,0.6658380676,0.03423466678,10.22710404,0.01381657003,3.54549988,0.03174685447,8.201910854
DSE 2023-2026,5,test half,"Anam, open-free special case (b=0)",0.55,155917,0.6273105448,-0.00429285611,-11.35007952,-0.02471095286,-6.722955688,-0.006780668416,-2.549776647
DSE 2023-2026,5,test half,Anam,0.55,155917,0.6316034009,0,,-0.02041809675,-5.562119188,-0.002487812306,-0.9017507307
DSE 2023-2026,21,test half,CC,0.5,150671,0.2748765202,0.007965572622,2.217844552,-0.01097750761,-1.708582635,0,
DSE 2023-2026,21,test half,P,0.8,150671,0.2858540278,0.01894308024,3.631996301,0,,0.01097750761,1.708582635
DSE 2023-2026,21,test half,GK,0.75,150671,0.2824006733,0.01548972572,3.932142362,-0.003453354514,-1.83889646,0.007524153099,1.358880162
DSE 2023-2026,21,test half,RS,0.75,150671,0.2888218041,0.0219108565,4.68437569,0.002967776269,1.397552058,0.01394528388,2.472060071
DSE 2023-2026,21,test half,o2+P,0.6,150671,0.2895725609,0.02266161331,4.596031143,0.003718533076,0.8910634996,0.01469604069,2.841364554
DSE 2023-2026,21,test half,o2+GK,0.6,150671,0.2900282365,0.02311728899,4.852791963,0.00417420875,0.9853029514,0.01515171636,2.988924656
DSE 2023-2026,21,test half,YZ (daily form),0.6,150671,0.2937700055,0.02685905798,4.796779391,0.007915977743,1.660289917,0.01889348536,3.364044513
DSE 2023-2026,21,test half,"Anam, open-free special case (b=0)",0.6,150671,0.266690893,-0.0002200545468,-0.1781879558,-0.01916313478,-4.446567294,-0.008185627169,-2.301114992
DSE 2023-2026,21,test half,Anam,0.55,150671,0.2669109475,0,,-0.01894308024,-3.631996301,-0.007965572622,-2.217844552
Vietnam 2007-2020,5,test half,CC,0.4,740302,0.7699103488,-0.0005481071729,-0.204780321,-0.05256877065,-14.66505874,0,
Vietnam 2007-2020,5,test half,P,0.35,740302,0.8224791194,0.05202066348,22.42247657,0,,0.05256877065,14.66505874
Vietnam 2007-2020,5,test half,GK,0.3,740302,0.8793888026,0.1089303466,33.94228502,0.05690968312,52.77849974,0.1094784538,24.73279367
Vietnam 2007-2020,5,test half,RS,0.2,740302,0.9365636296,0.1661051736,40.92114312,0.1140845101,39.07775428,0.1666532808,33.99448871
Vietnam 2007-2020,5,test half,o2+P,0.45,740302,0.7937141214,0.0232556654,7.214426173,-0.02876499808,-5.515523403,0.02380377257,9.664006847
Vietnam 2007-2020,5,test half,o2+GK,0.45,740302,0.7983914611,0.02793300512,9.607771052,-0.02408765836,-4.958886752,0.02848111229,12.31539831
Vietnam 2007-2020,5,test half,YZ (daily form),0.45,740302,0.8023947744,0.03193631848,10.06778897,-0.020084345,-3.979795367,0.03248442566,12.82822301
Vietnam 2007-2020,5,test half,"Anam, open-free special case (b=0)",0.55,740302,0.7628872474,-0.00757120852,-15.73336414,-0.059591872,-28.08759763,-0.007023101347,-3.584709228
Vietnam 2007-2020,5,test half,Anam,0.5,740302,0.770458456,0,,-0.05202066348,-22.42247657,0.0005481071729,0.204780321
Vietnam 2007-2020,21,test half,CC,0.4,797796,0.2736848769,-0.01130811049,-7.266020954,-0.07729911944,-18.83205519,0,
Vietnam 2007-2020,21,test half,P,0.3,797796,0.3509839963,0.06599100896,21.73820367,0,,0.07729911944,18.83205519
Vietnam 2007-2020,21,test half,GK,0.25,797796,0.4359396757,0.1509466883,30.10552005,0.08495567933,35.69267846,0.1622547988,27.77993094
Vietnam 2007-2020,21,test half,RS,0.2,797796,0.533373399,0.2483804116,23.08304355,0.1823894026,19.94754541,0.2596885221,23.59708177
Vietnam 2007-2020,21,test half,o2+P,0.4,797796,0.3001306702,0.01513768279,3.364636713,-0.05085332617,-7.022860379,0.02644579327,7.354186948
Vietnam 2007-2020,21,test half,o2+GK,0.4,797796,0.3020330935,0.01704010614,4.169834858,-0.04895090282,-7.199675781,0.02834821663,8.699626129
Vietnam 2007-2020,21,test half,YZ (daily form),0.4,797796,0.3059158194,0.02092283206,4.743438234,-0.04506817689,-6.343277947,0.03223094255,9.036520836
Vietnam 2007-2020,21,test half,"Anam, open-free special case (b=0)",0.45,797796,0.2769865444,-0.008006442928,-10.02608569,-0.07399745188,-29.35589831,0.00330166756,1.59974735
Vietnam 2007-2020,21,test half,Anam,0.4,797796,0.2849929874,0,,-0.06599100896,-21.73820367,0.01130811049,7.266020954
DSE 2009-2021,5,test half,CC,0.45,441717,0.6213801475,0.0169871751,6.171332256,0.005212150489,1.400830749,0,
DSE 2009-2021,5,test half,P,0.55,441717,0.616167997,0.01177502462,9.553254871,0,,-0.005212150489,-1.400830749
DSE 2009-2021,5,test half,GK,0.55,441717,0.6257119496,0.02131897716,12.45193661,0.009543952543,11.62328205,0.004331802054,1.40478889
DSE 2009-2021,5,test half,RS,0.5,441717,0.6366788979,0.03228592551,13.83616503,0.02051090089,11.67816687,0.01529875041,4.255918569
DSE 2009-2021,5,test half,o2+P,0.6,441717,0.6228446385,0.01845166609,12.53954817,0.006676641469,2.885613447,0.00146449098,0.8144736776
DSE 2009-2021,5,test half,o2+GK,0.6,441717,0.6289447659,0.02455179346,13.23042504,0.01277676884,5.152305487,0.007564618353,2.588774471
DSE 2009-2021,5,test half,YZ (daily form),0.6,441717,0.6322080342,0.02781506181,13.55707396,0.01604003719,6.005639611,0.0108278867,3.533724245
DSE 2009-2021,5,test half,"Anam, open-free special case (b=0)",0.6,441717,0.6007702505,-0.003622721886,-9.073722685,-0.0153977465,-10.97441398,-0.02060989699,-8.303497094
DSE 2009-2021,5,test half,Anam,0.6,441717,0.6043929724,0,,-0.01177502462,-9.553254871,-0.0169871751,-6.171332256
DSE 2009-2021,21,test half,CC,0.45,443478,0.3631422613,0.01074676343,3.016788135,0.003644066537,0.7034843424,0,
DSE 2009-2021,21,test half,P,0.5,443478,0.3594981948,0.007102696889,3.651977606,0,,-0.003644066537,-0.7034843424
DSE 2009-2021,21,test half,GK,0.5,443478,0.3629129549,0.01051745699,3.733220709,0.003414760099,2.817370023,-0.0002293064383,0.03651900838
DSE 2009-2021,21,test half,RS,0.5,443478,0.3653696679,0.01297417002,4.083663826,0.005871473131,2.784109622,0.002227406594,0.4593862598
DSE 2009-2021,21,test half,o2+P,0.55,443478,0.3653104565,0.01291495858,5.504464255,0.005812261694,1.547851174,0.002168195156,0.7292350267
DSE 2009-2021,21,test half,o2+GK,0.55,443478,0.3666239996,0.01422850172,5.46325489,0.00712580483,1.908183886,0.003481738293,0.9155964239
DSE 2009-2021,21,test half,YZ (daily form),0.55,443478,0.3694396916,0.01704419364,5.66554809,0.009941496754,2.425290319,0.006297430217,1.497314581
DSE 2009-2021,21,test half,"Anam, open-free special case (b=0)",0.55,443478,0.3507596059,-0.001635891972,-2.823582583,-0.008738588861,-4.177455178,-0.0123826554,-3.910454076
DSE 2009-2021,21,test half,Anam,0.55,443478,0.3523954979,0,,-0.007102696889,-3.651977606,-0.01074676343,-3.016788135
