decile,median_trades,overnight_share_all,overnight_share_excl_degenerate,pct_zero_range,pct_open_eq_prevclose,pct_at_2pct_band
0,24.0,0.5759117293373438,0.5706509944486396,1.984341252699784,12.837473002159827,18.28428725701944
1,52.0,0.726672752534061,0.726672752534061,0.0,10.459487898982813,17.516660820764642
2,78.0,0.7689662165648506,0.7689662165648506,0.0,9.543362831858406,18.067256637168143
3,109.0,0.6176416977377458,0.6176416977377458,0.0,9.329002833252712,17.8564024600926
4,144.0,0.5528176828170118,0.5528176828170118,0.0,9.793850700063322,18.110180820375714
5,190.0,0.4276539005499563,0.4275052405270599,0.007031854299978904,9.570353702271289,19.00710217284298
6,253.0,0.3820300179969846,0.3820300179969846,0.0,10.159376535842169,20.880432493154533
7,351.0,0.3763090712501042,0.3763090712501042,0.0,10.24901519414744,21.567248171074844
8,527.0,0.2632560570231906,0.2632560570231906,0.0,10.715780661364589,23.87330821822241
9,1094.0,0.1941762235809774,0.1941762235809774,0.0,12.683540763529578,28.79317577961124
