regime,from,to,rules,measure,n_stock_days,iv_slope,iv_slope_lo,iv_slope_hi,additive_share,additive_share_lo,additive_share_hi,mean_ratio_var,J,J_pvalue,first_stage_F
A1,2024-03-04,2025-03-19,"last-trade close, +/-2% band, +/-10% limit",OC,52548,1,1,1,0,0,0,1,,,236.1073952
A1,2024-03-04,2025-03-19,"last-trade close, +/-2% band, +/-10% limit",P,52548,0.9874195494,0.8489661055,1.106287169,0.03981291493,-0.09452499715,0.2166209379,1.027232464,3.853234175,0.5707343712,236.1073952
A1,2024-03-04,2025-03-19,"last-trade close, +/-2% band, +/-10% limit",GK,52548,0.9825597923,0.7906225638,1.147345304,0.05519241946,-0.1310394705,0.3003003847,1.037752212,3.853234175,0.5707343712,236.1073952
A1,2024-03-04,2025-03-19,"last-trade close, +/-2% band, +/-10% limit",RS,52548,1.016939063,0.7929294956,1.215572648,0.112671245,-0.108639985,0.4431987304,1.129610308,3.94632932,0.5571688631,236.1073952
A1,2024-03-04,2025-03-19,"last-trade close, +/-2% band, +/-10% limit",AddRS,52548,1.377161118,1.128285122,1.593195617,0.1574805907,-0.09991993001,0.5046506138,1.534641709,7.529165388,0.184164554,236.1073952
A1,2024-03-04,2025-03-19,"last-trade close, +/-2% band, +/-10% limit",AP,52548,1.328602346,1.13107296,1.613329998,0.1396948541,-0.1255833641,0.4137270587,1.4682972,36.86502845,6.374444172e-07,236.1073952
A1,2024-03-04,2025-03-19,"last-trade close, +/-2% band, +/-10% limit",GKV,52548,1.06637912,0.8339137469,1.257002971,0.08502285253,-0.1294663398,0.4281154848,1.151401973,3.692676236,0.5944542241,236.1073952
B,2025-03-20,2025-09-21,"15-minute VWAP close, +/-2% band, +/-10% limit",OC,28317,1,1,1,0,0,0,1,,,81.33222763
B,2025-03-20,2025-09-21,"15-minute VWAP close, +/-2% band, +/-10% limit",P,28317,0.7349297016,0.5884765497,1.023045605,0.3755776816,0.07608854463,0.5204744062,1.110507383,18.56808866,0.002312568472,81.33222763
B,2025-03-20,2025-09-21,"15-minute VWAP close, +/-2% band, +/-10% limit",GK,28317,0.63253454,0.4295073613,1.031947993,0.5206612222,0.1054811204,0.7215307344,1.153195762,18.56808866,0.002312568472,81.33222763
B,2025-03-20,2025-09-21,"15-minute VWAP close, +/-2% band, +/-10% limit",RS,28317,0.5886131939,0.3554304545,1.023703485,0.6781895515,0.1793026329,0.9233638581,1.266802745,17.36121899,0.003863316145,81.33222763
B,2025-03-20,2025-09-21,"15-minute VWAP close, +/-2% band, +/-10% limit",AddRS,28317,0.948052883,0.7283387733,1.368588991,0.6341603615,0.1715078476,0.8766336262,1.582213245,16.09288924,0.006583814673,81.33222763
B,2025-03-20,2025-09-21,"15-minute VWAP close, +/-2% band, +/-10% limit",AP,28317,1.094386951,0.9191229969,1.461446326,0.384724883,-0.004892322719,0.6324117614,1.479111834,14.39798463,0.01326953551,81.33222763
B,2025-03-20,2025-09-21,"15-minute VWAP close, +/-2% band, +/-10% limit",GKV,28317,0.663734969,0.4548148293,1.102999008,0.6328595895,0.17153524,0.8533584118,1.296594558,17.26637287,0.004021361159,81.33222763
A2,2025-09-23,2026-04-19,"last-trade close, +/-2% band, +/-10% limit",OC,31203,1,1,1,0,0,0,1,,,106.3556471
A2,2025-09-23,2026-04-19,"last-trade close, +/-2% band, +/-10% limit",P,31203,0.9750187303,0.8156907868,1.094667996,0.02234484812,-0.1204785182,0.1997597876,0.9973635784,7.241592058,0.2032838845,106.3556471
A2,2025-09-23,2026-04-19,"last-trade close, +/-2% band, +/-10% limit",GK,31203,0.9653686066,0.7444931771,1.131237709,0.03097653694,-0.1670186904,0.2769258671,0.9963451436,7.241592058,0.2032838845,106.3556471
A2,2025-09-23,2026-04-19,"last-trade close, +/-2% band, +/-10% limit",RS,31203,0.9857762178,0.732907169,1.200933182,0.1101787779,-0.1594503306,0.4268614958,1.095954996,8.545205601,0.1286382731,106.3556471
A2,2025-09-23,2026-04-19,"last-trade close, +/-2% band, +/-10% limit",AddRS,31203,1.388265944,1.198006456,1.60163321,0.1633505252,-0.1011332725,0.4135823574,1.551616469,7.387797713,0.1933594837,106.3556471
A2,2025-09-23,2026-04-19,"last-trade close, +/-2% band, +/-10% limit",AP,31203,1.492377807,1.225470398,2.119306834,0.0866913816,-0.4782502611,0.3903975988,1.579069188,12.51088151,0.02841992501,106.3556471
A2,2025-09-23,2026-04-19,"last-trade close, +/-2% band, +/-10% limit",GKV,31203,0.9999913962,0.7450659833,1.174098641,0.1022434483,-0.1051065524,0.3996878604,1.102234845,7.117725734,0.2120311055,106.3556471
C,2026-04-20,2026-08-26,"last-trade close, +/-5% band, +/-15% limit",OC,24029,1,1,1,0,0,0,1,,,32.62045928
C,2026-04-20,2026-08-26,"last-trade close, +/-5% band, +/-15% limit",P,24029,0.9144432312,0.6901533489,1.116509455,-0.01028709421,-0.2063185253,0.2451370277,0.9041561369,4.210196834,0.5195667411,32.62045928
C,2026-04-20,2026-08-26,"last-trade close, +/-5% band, +/-15% limit",GK,24029,0.8813931338,0.5704613348,1.1615164,-0.0142609407,-0.2860182083,0.3398320792,0.8671321931,4.210196834,0.5195667411,32.62045928
C,2026-04-20,2026-08-26,"last-trade close, +/-5% band, +/-15% limit",RS,24029,0.9550563098,0.5436234818,1.324345457,-0.001022874219,-0.347130573,0.4521686247,0.9540334355,4.098598651,0.5353093534,32.62045928
C,2026-04-20,2026-08-26,"last-trade close, +/-5% band, +/-15% limit",AddRS,24029,1.436501753,1.062250873,1.779154482,0.01673880835,-0.3021584357,0.3961994649,1.453240562,5.731540854,0.3332236383,32.62045928
C,2026-04-20,2026-08-26,"last-trade close, +/-5% band, +/-15% limit",AP,24029,2.031351373,1.469441081,2.268081741,-0.1046039535,-0.358684705,0.5182637192,1.92674742,2.375549689,0.7951096015,32.62045928
C,2026-04-20,2026-08-26,"last-trade close, +/-5% band, +/-15% limit",GKV,24029,0.9423472689,0.5734980902,1.305723838,0.01537081934,-0.3352811237,0.4402937824,0.9577180883,3.163731057,0.6747600172,32.62045928
