market,span,estimator,n,raw_ratio,calibrated_ratio,calibrated_before_window_ratio
NEPSE,A2+C,CC,50684,1,1,1
NEPSE,A2+C,P,50684,1.326833785,1.106710125,1.129284676
NEPSE,A2+C,GK,50684,1.303333589,1.113978123,1.126683906
NEPSE,A2+C,RS,50684,1.415142234,1.122438381,1.136724502
NEPSE,A2+C,o2+P,50684,1.925185039,1.147038538,1.213056118
NEPSE,A2+C,o2+GK,50684,1.901684843,1.153209811,1.212787469
NEPSE,A2+C,YZ (daily form),50684,2.009665212,1.153827372,1.215963917
NEPSE,A2+C,"Anam, open-free special case (b=0)",50684,1.317606089,1.084026721,1.100766098
NEPSE,A2+C,Anam,50684,1.341168374,1.090605062,1.108931163
NEPSE,A2+C,"Anam (calibrated, frozen T2)",50684,,1.090605062,
NEPSE,A2,CC,26414,1,1,1
NEPSE,A2,P,26414,1.154847724,1.010883063,0.9731266422
NEPSE,A2,GK,26414,1.160893482,1.016260737,0.9700455915
NEPSE,A2,RS,26414,1.261724486,1.016914253,0.9675229204
NEPSE,A2,o2+P,26414,1.493460984,1.015332725,0.9762243006
NEPSE,A2,o2+GK,26414,1.499506742,1.019421893,0.9736147797
NEPSE,A2,YZ (daily form),26414,1.583264254,1.017821827,0.9730840209
NEPSE,A2,"Anam, open-free special case (b=0)",26414,1.177661644,1.009989706,0.9790921823
NEPSE,A2,Anam,26414,1.185946093,1.01058467,0.9776900779
NEPSE,A2,"Anam (calibrated, frozen T2)",26414,,1.01058467,
NEPSE,C,CC,18930,1,1,1
NEPSE,C,P,18930,1.668650722,1.240843294,1.379736615
NEPSE,C,GK,18930,1.594432182,1.251143277,1.378212914
NEPSE,C,RS,18930,1.738851967,1.272825288,1.412970347
NEPSE,C,o2+P,18930,2.760889145,1.325025049,1.581899928
NEPSE,C,o2+GK,18930,2.686670604,1.334142159,1.585488682
NEPSE,C,YZ (daily form),18930,2.848080392,1.339285673,1.597724548
NEPSE,C,"Anam, open-free special case (b=0)",18930,1.597538566,1.190264179,1.297876206
NEPSE,C,Anam,18930,1.637059802,1.194755864,1.306047903
NEPSE,C,"Anam (calibrated, frozen T2)",18930,,1.194755864,
NIFTY50,test half,CC,1998,1,1,1
NIFTY50,test half,P,1998,0.6055264014,0.9778568869,0.9515361235
NIFTY50,test half,GK,1998,0.5943917805,0.9780962989,0.9577754336
NIFTY50,test half,RS,1998,0.5818558996,0.9806877854,0.9601594372
NIFTY50,test half,o2+P,1998,1.014020131,1.007016089,1.014439566
NIFTY50,test half,o2+GK,1998,1.00288551,1.007184475,1.019839855
NIFTY50,test half,YZ (daily form),1998,0.9976644631,1.008497983,1.018568861
NIFTY50,test half,"Anam, open-free special case (b=0)",1998,0.8287356187,0.9916779248,0.9819877606
NIFTY50,test half,Anam,1998,0.9666968673,1.010561919,1.013342322
NIFTY50,test half,"Anam (calibrated, frozen T2)",1998,,1.010561919,
SP500,test half,CC,2495,1,1,1
SP500,test half,P,2495,0.6598837178,1.003214663,1.001395429
SP500,test half,GK,2495,0.5788092324,1.009746633,1.007575534
SP500,test half,RS,2495,0.5646546494,1.01196883,1.014881096
SP500,test half,o2+P,2495,0.6976472149,1.008840002,1.003968274
SP500,test half,o2+GK,2495,0.6165727294,1.015472832,1.011257879
SP500,test half,YZ (daily form),2495,0.6449329928,1.014033026,1.011655596
SP500,test half,"Anam, open-free special case (b=0)",2495,0.7760024147,1.007680365,1.002385259
SP500,test half,Anam,2495,0.6976472149,1.008840002,1.003968274
SP500,test half,"Anam (calibrated, frozen T2)",2495,,1.008840002,
DSE 2023-2026,test half,CC,151386,1,1,1
DSE 2023-2026,test half,P,151386,1.128072972,1.004050885,1.003883942
DSE 2023-2026,test half,GK,151386,1.115556579,1.004931115,1.005733272
DSE 2023-2026,test half,RS,151386,1.176777182,1.004732037,1.005817931
DSE 2023-2026,test half,o2+P,151386,1.662130308,0.9984981714,0.9943192517
DSE 2023-2026,test half,o2+GK,151386,1.649613916,0.9990243939,0.9953415629
DSE 2023-2026,test half,YZ (daily form),151386,1.708562785,0.9987947705,0.9952341912
DSE 2023-2026,test half,"Anam, open-free special case (b=0)",151386,1.163847343,1.002266683,1.0009481
DSE 2023-2026,test half,Anam,151386,1.196071173,1.002449951,1.000987171
DSE 2023-2026,test half,"Anam (calibrated, frozen T2)",151386,,1.002449951,
DSE 2009-2021,test half,CC,455828,1,1,1
DSE 2009-2021,test half,P,455828,0.9947556668,1.00685133,1.010006862
DSE 2009-2021,test half,GK,455828,0.9880185072,1.006103517,1.010844564
DSE 2009-2021,test half,RS,455828,1.022034845,1.005228336,1.009665887
DSE 2009-2021,test half,o2+P,455828,1.392064297,1.002761665,1.003273949
DSE 2009-2021,test half,o2+GK,455828,1.385327137,1.002232371,1.003814345
DSE 2009-2021,test half,YZ (daily form),455828,1.417972509,1.002036081,1.002935016
DSE 2009-2021,test half,"Anam, open-free special case (b=0)",455828,1.068622768,1.003860745,1.005214056
DSE 2009-2021,test half,Anam,455828,1.106496063,1.003904986,1.005997807
DSE 2009-2021,test half,"Anam (calibrated, frozen T2)",455828,,1.003904986,
Vietnam 2007-2020,test half,CC,821164,1,1,1
Vietnam 2007-2020,test half,P,821164,0.7207550247,1.017895657,1.020462632
Vietnam 2007-2020,test half,GK,821164,0.6332523772,1.021203683,1.024939598
Vietnam 2007-2020,test half,RS,821164,0.7281501509,1.021702543,1.025707511
Vietnam 2007-2020,test half,o2+P,821164,1.555929769,1.005176795,1.005344807
Vietnam 2007-2020,test half,o2+GK,821164,1.468427121,1.005666894,1.006049196
Vietnam 2007-2020,test half,YZ (daily form),821164,1.593858418,1.006304101,1.006800269
Vietnam 2007-2020,test half,"Anam, open-free special case (b=0)",821164,0.9169720539,1.008322854,1.009167429
Vietnam 2007-2020,test half,Anam,821164,1.000619784,1.009418161,1.009996306
Vietnam 2007-2020,test half,"Anam (calibrated, frozen T2)",821164,,1.009418161,
Morocco 2012-2026,test half,CC,77383,1,1,1
Morocco 2012-2026,test half,P,77383,0.5443754187,1.012814776,1.014034424
Morocco 2012-2026,test half,GK,77383,0.4525735313,1.014509357,1.017211711
Morocco 2012-2026,test half,RS,77383,0.4945002794,1.014850342,1.019540991
Morocco 2012-2026,test half,o2+P,77383,1.283165757,1.00331056,0.9983919389
Morocco 2012-2026,test half,o2+GK,77383,1.191363869,1.003114558,0.9981270764
Morocco 2012-2026,test half,YZ (daily form),77383,1.273355247,1.003550509,0.9985888232
Morocco 2012-2026,test half,"Anam, open-free special case (b=0)",77383,0.7936356759,1.004979932,1.002576103
Morocco 2012-2026,test half,Anam,77383,0.8939773684,1.005359715,1.001799894
Morocco 2012-2026,test half,"Anam (calibrated, frozen T2)",77383,,1.005359715,
