scenario,measure,oracle_rel_slope_IV,oracle_rel_slope_V,iv_slope_mean,iv_slope_rmse,iv_slope_bias,within_bias,mean_ratio,ols_slope,corr_with_ref,J_reject_rate,first_stage_F,rank1_share,n_obs
S0_brownian,OC,1,1,1,0,0,0,1,1,1,0,205.5283331,0.9983025208,71550
S0_brownian,P,0.9741651147,0.9738955769,0.9715666573,0.01354511938,-0.002328919604,-0.001218617599,0.9722868058,0.4888578354,0.8374878917,0,205.5283331,0.9983025208,71550
S0_brownian,GK,0.9641852442,0.9638115855,0.9605830174,0.01877752262,-0.003228568115,-0.001689362706,0.9615813552,0.2914064994,0.5448503295,0,205.5283331,0.9983025208,71550
S0_brownian,RS,0.9648773356,0.9643663846,0.9599264897,0.02213132884,-0.004439894891,-0.00152449468,0.9616482958,0.1784826774,0.3135240703,0,205.5283331,0.9983025208,71550
S0_brownian,AddRS,1.011417556,1.009486355,1.004328224,0.02259577759,-0.005158131103,-0.001632703558,1.007094585,0.2426658989,0.4037399059,0,205.5283331,0.9983025208,71550
S0_brownian,AP,1.003468927,1.004491004,1.000431072,0.01298682722,-0.004059931648,0.0001720416628,0.9999897523,0.5953650245,0.7693664341,0,205.5283331,0.9983025208,71550
S0_brownian,GKV,0.9646017367,0.9639411152,0.9608593155,0.01912462638,-0.003081799697,-0.001585612526,0.9620733344,0.2856116769,0.5349367741,0,205.5283331,0.9983025208,71550
S1_nepse_last_trade,OC,1,1,1,0,0,0,1,1,1,0,95.96837832,0.9838156637,71550
S1_nepse_last_trade,P,0.9043006581,0.8980988378,0.9344555853,0.04176236365,0.03635674747,0.00892620048,1.09451342,0.4245216798,0.7972194284,0.3333333333,95.96837832,0.9838156637,71550
S1_nepse_last_trade,GK,0.8673325419,0.8587349935,0.9091361475,0.05789492924,0.050401154,0.01237434139,1.131023421,0.2022176498,0.4118973092,0.3333333333,95.96837832,0.9838156637,71550
S1_nepse_last_trade,RS,0.8827629816,0.8726194968,0.9235653902,0.06031969814,0.05094589342,0.01282365658,1.164588155,0.08289901466,0.1489650594,0.25,95.96837832,0.9838156637,71550
S1_nepse_last_trade,AddRS,1.246373815,1.240423101,1.224215319,0.03614877877,-0.01620778233,-0.01065745319,1.402885512,0.5172004632,0.6585537742,0.1666666667,95.96837832,0.9838156637,71550
S1_nepse_last_trade,AP,1.312805152,1.314661667,1.22503058,0.1018511083,-0.08963108756,-0.04351117495,1.199130318,0.7381313309,0.6756966371,0.75,95.96837832,0.9838156637,71550
S1_nepse_last_trade,GKV,0.8715320415,0.8633625917,0.9058433757,0.05128637568,0.04248078407,0.007645870616,1.131115943,0.2025478404,0.4153247816,0.25,95.96837832,0.9838156637,71550
S2_nepse_vwap_close,OC,1,1,1,0,0,0,1,1,1,0,102.0158245,0.958394567,71550
S2_nepse_vwap_close,P,0.9332598834,0.9310019792,0.9683533922,0.04405169725,0.03735141296,0.01040807167,1.163807017,0.4549389917,0.8140728882,0.75,102.0158245,0.958394567,71550
S2_nepse_vwap_close,GK,0.9074785528,0.9043484329,0.956128486,0.06106861949,0.05178005317,0.01442865107,1.227084744,0.2443849978,0.4756347669,0.75,102.0158245,0.958394567,71550
S2_nepse_vwap_close,RS,0.9142931054,0.9107708139,0.9620169195,0.06284222873,0.05124610568,0.01512962152,1.247480956,0.1292139508,0.2294653628,0.75,102.0158245,0.958394567,71550
S2_nepse_vwap_close,AddRS,1.221019922,1.218387444,1.218187734,0.02463946708,-0.0001997099289,-0.003763961229,1.426833476,0.4895842485,0.6458719514,0.25,102.0158245,0.958394567,71550
S2_nepse_vwap_close,AP,1.269489699,1.278403205,1.197280746,0.08500262918,-0.08112245938,-0.02861190573,1.154171216,0.7697213953,0.7095459564,0.8333333333,102.0158245,0.958394567,71550
S2_nepse_vwap_close,GKV,0.9107608318,0.907754397,0.953935663,0.05608336734,0.04618126598,0.01025172044,1.229686191,0.2438447848,0.4767316697,0.75,102.0158245,0.958394567,71550
S3_nepse_band5_limit15,OC,1,1,1,0,0,0,1,1,1,0,84.8035322,0.9947208529,71550
S3_nepse_band5_limit15,P,0.9277783867,0.9300342956,0.9553834364,0.02879252897,0.02534914076,0.006322281244,1.100068558,0.435672071,0.8151748819,0.3333333333,84.8035322,0.9947208529,71550
S3_nepse_band5_limit15,GK,0.8998795848,0.9030069385,0.9381483094,0.03991492056,0.03514137089,0.008764542837,1.138724478,0.2176753742,0.4516860981,0.3333333333,84.8035322,0.9947208529,71550
S3_nepse_band5_limit15,RS,0.9072093029,0.9111330447,0.9476600296,0.04289549192,0.03652698491,0.009828591191,1.169243342,0.09960700969,0.1882753861,0.25,84.8035322,0.9947208529,71550
S3_nepse_band5_limit15,AddRS,1.174172896,1.177419535,1.191446912,0.0271509318,0.01402737657,0.003756231295,1.38829764,0.4745157751,0.6451153285,0.1666666667,84.8035322,0.9947208529,71550
S3_nepse_band5_limit15,AP,1.144953588,1.147320131,1.135825182,0.02684318238,-0.01149494968,-0.004166951061,1.165956173,0.686989165,0.6992519295,0.1666666667,84.8035322,0.9947208529,71550
S3_nepse_band5_limit15,GKV,0.897754705,0.9003088113,0.9334469802,0.03848155334,0.03313816887,0.00792003125,1.139448464,0.2129591693,0.4450029334,0.3333333333,84.8035322,0.9947208529,71550
