span,window,estimator,phi,n,QLIKE,dQLIKE_vs_CC,t_vs_CC
C,5,CC,0.5,22331,0.6909320134,0,
C,5,"P, calibration 10 dates",0.6,22331,0.725777282,0.03484526857,2.423452315
C,5,"Anam, calibration 10 dates",0.6,22331,0.7063114636,0.01537945024,1.163708823
C,5,"P, calibration 20 dates",0.6,22331,0.7460011597,0.05506914629,2.483233851
C,5,"Anam, calibration 20 dates",0.65,22331,0.7226309214,0.03169890795,1.599398326
C,5,"P, calibration 60 dates",0.65,22331,0.780490203,0.08955818956,4.756516136
C,5,"Anam, calibration 60 dates",0.65,22331,0.7532436991,0.06231168572,3.528805429
C,5,"P, calibration 120 dates",0.65,22331,0.7884654935,0.09753348013,4.830142907
C,5,"Anam, calibration 120 dates",0.65,22331,0.7610163309,0.07008431745,3.928752837
C,5,"P, reset at rule changes",0.65,22331,0.7366480604,0.04571604704,2.335546792
C,5,"Anam, b and calibration reset at rule changes",0.65,22331,0.7128042612,0.02187224779,1.174790148
C,21,CC,0.55,18023,0.3838229849,0,
C,21,"P, calibration 10 dates",0.6,18023,0.4140318094,0.03020882442,2.001292959
C,21,"Anam, calibration 10 dates",0.65,18023,0.4001176971,0.0162947122,1.179698113
C,21,"P, calibration 20 dates",0.6,18023,0.4336316539,0.04980866892,2.573154363
C,21,"Anam, calibration 20 dates",0.65,18023,0.417434963,0.03361197809,1.88540478
C,21,"P, calibration 60 dates",0.65,18023,0.4733588061,0.08953582111,3.040644642
C,21,"Anam, calibration 60 dates",0.65,18023,0.4528709242,0.06904793921,2.468230337
C,21,"P, calibration 120 dates",0.65,18023,0.479653157,0.09583017205,4.610650764
C,21,"Anam, calibration 120 dates",0.7,18023,0.4568948837,0.07307189877,3.591832939
C,21,"P, reset at rule changes",0.65,18023,0.4172015689,0.03337858391,2.649861488
C,21,"Anam, b and calibration reset at rule changes",0.65,18023,0.4011785236,0.01735553865,1.305259005
