sample,instruments,measure,n_sessions,from,to,iv_slope,lo,hi,additive_share,mean_ratio_var,J,J_pvalue,first_stage_F
full (incl. 2012-10-05),"(i) lagged OC, P",OC,3936,2010-02-04,2026-06-12,1,1,1,0,1,,,25.78086027
full (incl. 2012-10-05),"(i) lagged OC, P",P,3936,2010-02-04,2026-06-12,0.9273366671,0.7346574044,1.047581503,0.08033150507,1.007668172,20.16521241,0.001163578324,25.78086027
full (incl. 2012-10-05),"(i) lagged OC, P",GK,3936,2010-02-04,2026-06-12,0.8992672314,0.632157056,1.065961969,0.1113631125,1.010630344,20.16521241,0.001163578324,25.78086027
full (incl. 2012-10-05),"(i) lagged OC, P",RS,3936,2010-02-04,2026-06-12,0.7949888692,0.3078117861,1.060285176,0.2925306577,1.087519527,22.63804903,0.0003958080342,25.78086027
full (incl. 2012-10-05),"(i) lagged OC, P",AddRS,3936,2010-02-04,2026-06-12,0.8343480552,0.3524127316,1.100911401,0.3013166449,1.1356647,19.32955392,0.00166848735,25.78086027
full (incl. 2012-10-05),(ii) India VIX only,OC,3936,2010-02-04,2026-06-12,1,1,1,0,1,,,75.69771989
full (incl. 2012-10-05),(ii) India VIX only,P,3936,2010-02-04,2026-06-12,0.955232133,0.8352207496,1.057644685,0.05243603915,1.007668172,4.523952856,0.03342352378,75.69771989
full (incl. 2012-10-05),(ii) India VIX only,GK,3936,2010-02-04,2026-06-12,0.9379385585,0.7715674544,1.079912501,0.0726917854,1.010630344,4.523952856,0.03342352378,75.69771989
full (incl. 2012-10-05),(ii) India VIX only,RS,3936,2010-02-04,2026-06-12,0.8818921995,0.596058894,1.070679492,0.2056273274,1.087519527,5.274155548,0.02164428409,75.69771989
full (incl. 2012-10-05),(ii) India VIX only,AddRS,3936,2010-02-04,2026-06-12,0.9334851917,0.6344747491,1.113476751,0.2021795085,1.1356647,2.935470633,0.08665340536,75.69771989
full (incl. 2012-10-05),(iii) both,OC,3936,2010-02-04,2026-06-12,1,1,1,0,1,,,23.83976299
full (incl. 2012-10-05),(iii) both,P,3936,2010-02-04,2026-06-12,0.9458821343,0.8117559833,1.047880365,0.06178603794,1.007668172,19.91381615,0.0057588775,23.83976299
full (incl. 2012-10-05),(iii) both,GK,3936,2010-02-04,2026-06-12,0.9249767079,0.7390383811,1.06637628,0.085653636,1.010630344,19.91381615,0.0057588775,23.83976299
full (incl. 2012-10-05),(iii) both,RS,3936,2010-02-04,2026-06-12,0.8551051019,0.5411518755,1.062568003,0.232414425,1.087519527,21.93032412,0.002611629645,23.83976299
full (incl. 2012-10-05),(iii) both,AddRS,3936,2010-02-04,2026-06-12,0.8999026419,0.5871823005,1.094332286,0.2357620582,1.1356647,19.25665477,0.007420241754,23.83976299
full (incl. 2012-10-05),difference (i) - (ii),OC,3936,,,0,0,0,,,,,
full (incl. 2012-10-05),difference (i) - (ii),P,3936,,,-0.02789546592,-0.1314776621,0.04279896939,,,,,
full (incl. 2012-10-05),difference (i) - (ii),GK,3936,,,-0.0386713271,-0.1822667416,0.05933196992,,,,,
full (incl. 2012-10-05),difference (i) - (ii),RS,3936,,,-0.08690333029,-0.3562971466,0.06614381548,,,,,
full (incl. 2012-10-05),difference (i) - (ii),AddRS,3936,,,-0.09913713644,-0.3798915005,0.03323525485,,,,,
excl. 2012-10-05,"(i) lagged OC, P",OC,3935,2010-02-04,2026-06-12,1,1,1,0,1,,,25.78216032
excl. 2012-10-05,"(i) lagged OC, P",P,3935,2010-02-04,2026-06-12,1.005393392,0.9386815903,1.079540512,-0.07603251029,0.9293608819,27.05540317,5.564268527e-05,25.78216032
excl. 2012-10-05,"(i) lagged OC, P",GK,3935,2010-02-04,2026-06-12,1.007476829,0.9149946344,1.110266563,-0.1054034403,0.9020733889,27.05540317,5.564268527e-05,25.78216032
excl. 2012-10-05,"(i) lagged OC, P",RS,3935,2010-02-04,2026-06-12,0.9980700303,0.8906619805,1.11772109,-0.1143394497,0.8837305805,26.64971202,6.67366087e-05,25.78216032
excl. 2012-10-05,"(i) lagged OC, P",AddRS,3935,2010-02-04,2026-06-12,1.037369492,0.9357367403,1.140452659,-0.1054450943,0.9319243976,22.16648029,0.0004867834483,25.78216032
excl. 2012-10-05,(ii) India VIX only,OC,3935,2010-02-04,2026-06-12,1,1,1,0,1,,,75.60222703
excl. 2012-10-05,(ii) India VIX only,P,3935,2010-02-04,2026-06-12,0.9961590057,0.911032657,1.070811923,-0.06679812379,0.9293608819,9.347272942,0.002233175161,75.60222703
excl. 2012-10-05,(ii) India VIX only,GK,3935,2010-02-04,2026-06-12,0.9946752512,0.8766650741,1.09816617,-0.09260186234,0.9020733889,9.347272942,0.002233175161,75.60222703
excl. 2012-10-05,(ii) India VIX only,RS,3935,2010-02-04,2026-06-12,0.9883375608,0.8538248701,1.105125721,-0.1046069803,0.8837305805,10.1614127,0.00143410688,75.60222703
excl. 2012-10-05,(ii) India VIX only,AddRS,3935,2010-02-04,2026-06-12,1.039877148,0.9445397968,1.151559357,-0.1079527502,0.9319243976,5.946100312,0.01474988104,75.60222703
excl. 2012-10-05,(iii) both,OC,3935,2010-02-04,2026-06-12,1,1,1,0,1,,,23.82578989
excl. 2012-10-05,(iii) both,P,3935,2010-02-04,2026-06-12,0.9971375933,0.9014083672,1.071644251,-0.06777671144,0.9293608819,27.74965653,0.0002440821735,23.82578989
excl. 2012-10-05,(iii) both,GK,3935,2010-02-04,2026-06-12,0.9960318618,0.8633229754,1.099320022,-0.09395847288,0.9020733889,27.74965653,0.0002440821735,23.82578989
excl. 2012-10-05,(iii) both,RS,3935,2010-02-04,2026-06-12,0.9883764728,0.8410795352,1.096496035,-0.1046458922,0.8837305805,27.6921582,0.0002499975717,23.82578989
excl. 2012-10-05,(iii) both,AddRS,3935,2010-02-04,2026-06-12,1.03309773,0.925360448,1.13466444,-0.101173332,0.9319243976,22.40453525,0.002162809907,23.82578989
excl. 2012-10-05,difference (i) - (ii),OC,3935,,,0,0,0,,,,,
excl. 2012-10-05,difference (i) - (ii),P,3935,,,0.009234386506,-0.03350812706,0.06352636021,,,,,
excl. 2012-10-05,difference (i) - (ii),GK,3935,,,0.01280157794,-0.0464521276,0.08806623494,,,,,
excl. 2012-10-05,difference (i) - (ii),RS,3935,,,0.009732469452,-0.0637566674,0.09543271597,,,,,
excl. 2012-10-05,difference (i) - (ii),AddRS,3935,,,-0.002507655923,-0.0774171586,0.0643715916,,,,,
