mean_block_origins,is_primary,n_origins,expected_blocks_per_replicate,estimator,corr,corr_lo95,corr_hi95,mean_VIX_minus_RV,err_lo95,err_hi95,mean_VIX_over_RV,ratio_lo95,ratio_hi95,slope,slope_lo95,slope_hi95,intercept,intercept_lo95,intercept_hi95
1.0,False,190,190.0,Close-to-close,0.6945404014736771,0.44471529842760105,0.8404359750002369,2.9908091828905916,2.204223125444144,3.728643180290398,1.291444625029746,1.2455431576245652,1.3387825992460538,0.8440238074020542,0.5129013557197553,1.1675536264625561,-0.2123478039590323,-5.84452110473515,5.642247127426382
1.0,False,190,190.0,Parkinson,0.6304786398566091,0.3645814269188258,0.8268867295281764,5.4094864458683025,4.714895362253455,6.108325521020969,1.5228502173743879,1.4735321308240399,1.5728675990599743,0.594608587834583,0.3757086156244327,0.8034792291182494,1.8119001214748867,-1.780531398591403,5.762119234381821
1.0,False,190,190.0,Garman-Klass,0.6038290066240755,0.332250334930179,0.8256299539187514,5.551874824909853,4.816654973647261,6.258668566820541,1.5412722494828748,1.4918854941226074,1.590892635119045,0.5794295861869148,0.3622697955912753,0.7853392448407215,1.9399008905868471,-1.627116161485878,5.909754355636157
1.0,False,190,190.0,Rogers-Satchell,0.541082527113385,0.27670864951793156,0.8230322122451431,5.599558117395789,4.724426185897869,6.36775605448556,1.5609209356922362,1.5090083083074861,1.6122375882465583,0.5661934437608322,0.3575272544150315,0.7621548295736119,2.1279978792089618,-1.320095085123313,6.040485265149912
3.0,False,190,63.333333333333336,Close-to-close,0.6945404014736771,0.46710788956071464,0.800412587636921,2.9908091828905916,2.1040411367949163,3.7603045207872796,1.291444625029746,1.2400919743323926,1.3395116449443527,0.8440238074020542,0.5283569310803903,1.082192264795585,-0.2123478039590323,-4.103280401756438,5.227931799911066
3.0,False,190,63.333333333333336,Parkinson,0.6304786398566091,0.4272238622862281,0.7762728043148339,5.4094864458683025,4.649458089931639,6.152371789558674,1.5228502173743879,1.4708587165641638,1.5730796194627557,0.594608587834583,0.4195022673441261,0.741117460922716,1.8119001214748867,-0.5476093216745573,4.774755357408198
3.0,False,190,63.333333333333336,Garman-Klass,0.6038290066240755,0.38752871768778546,0.7757602549647821,5.551874824909853,4.763843616666066,6.3175174540085965,1.5412722494828748,1.4905637941090237,1.5916466226781985,0.5794295861869148,0.40476162050389736,0.7255027659477221,1.9399008905868471,-0.4535620129962363,4.922337857506776
3.0,False,190,63.333333333333336,Rogers-Satchell,0.541082527113385,0.30625838795920196,0.7724302444111276,5.599558117395789,4.695513399383235,6.417368834758145,1.5609209356922362,1.5094712665596417,1.6132778338698883,0.5661934437608322,0.39744052442231265,0.7074201281913376,2.1279978792089618,-0.21396103644993913,5.153798297017852
6.0,False,190,31.666666666666668,Close-to-close,0.6945404014736771,0.4849597592693518,0.7817562987276382,2.9908091828905916,2.306854190733699,3.7735578129353335,1.291444625029746,1.2484551731891973,1.3404336410181876,0.8440238074020542,0.5403906079784462,1.0419747046746588,-0.2123478039590323,-3.403959332915143,4.87086215417027
6.0,False,190,31.666666666666668,Parkinson,0.6304786398566091,0.4371117677810601,0.7466758176956542,5.4094864458683025,4.68362343192216,6.16939119680784,1.5228502173743879,1.4738857759190858,1.5730437199239056,0.594608587834583,0.4367031395321682,0.7109504061776415,1.8119001214748867,-0.22399535890085215,4.5467269696675165
6.0,False,190,31.666666666666668,Garman-Klass,0.6038290066240755,0.387680348605203,0.7459141365580795,5.551874824909853,4.766999232430388,6.348210037756913,1.5412722494828748,1.4930750361488498,1.5913125493293707,0.5794295861869148,0.4193102245246782,0.6932129815125553,1.9399008905868471,-0.03910055075701003,4.73426457263051
6.0,False,190,31.666666666666668,Rogers-Satchell,0.541082527113385,0.2918893989081263,0.7418137058560478,5.599558117395789,4.703471481512193,6.435925080419882,1.5609209356922362,1.5127150011614237,1.6115683084361778,0.5661934437608322,0.40937171914319875,0.6726637828777653,2.1279978792089618,0.1333798144765282,5.0825883568095325
10.88,True,190,17.463235294117645,Close-to-close,0.6945404014736771,0.49800210693890534,0.7701342688965782,2.9908091828905916,2.304593848768382,3.6728577058100624,1.291444625029746,1.2520727604185353,1.3337702406520329,0.8440238074020542,0.557033878157592,1.0271726332972075,-0.2123478039590323,-3.1761039277604493,4.57060010706671
10.88,True,190,17.463235294117645,Parkinson,0.6304786398566091,0.4523867697451645,0.7234415900440796,5.4094864458683025,4.723984442519009,6.099489050988682,1.5228502173743879,1.4787772924713312,1.5682408100144232,0.594608587834583,0.45432576537821523,0.6998334339511239,1.8119001214748867,0.07369415750301091,4.265191176742511
10.88,True,190,17.463235294117645,Garman-Klass,0.6038290066240755,0.40128314758756406,0.7183433816326282,5.551874824909853,4.8541321517650005,6.239769603585584,1.5412722494828748,1.4978154714295313,1.5874909852552406,0.5794295861869148,0.4370779724430576,0.6815514461318367,1.9399008905868471,0.19495005933441037,4.444272296794289
10.88,True,190,17.463235294117645,Rogers-Satchell,0.541082527113385,0.2981352759234574,0.7153265023900891,5.599558117395789,4.833170227623755,6.3267400416230455,1.5609209356922362,1.517124299393257,1.6075175871433751,0.5661934437608322,0.4222269188221276,0.6659472872789425,2.1279978792089618,0.37446853314788797,4.858449198252655
