contrast,moment,difference,lo,hi,n_valid_replicates
B - A1,E[o_t c_t]/E[P],-0.06485548108,-0.1153220064,-0.0213750053,499
B - A1,E[c_t o_t+1]/E[P],-0.01069519658,-0.03556617662,0.01582861836,499
B - A1,share of opens at the band,-0.05238080918,-0.08322720812,-0.01810541505,499
B - A2,E[o_t c_t]/E[P],-0.03317937435,-0.1065500446,0.0302351397,499
B - A2,E[c_t o_t+1]/E[P],0.004344295017,-0.04480093198,0.04593450655,499
B - A2,share of opens at the band,0.004426755705,-0.04235063641,0.04134837168,499
C - A2,E[o_t c_t]/E[P],-0.3647346546,-0.4643910177,-0.2479120594,497
C - A2,E[c_t o_t+1]/E[P],-0.082022042,-0.1467182979,-0.01946149325,497
C - A2,share of opens at the band,-0.1427976001,-0.1875447225,-0.1099097308,497
