market,test_span,window,n_securities,n_with_b,n_rows,b_pooled_train,QLIKE_full,QLIKE_open_free,d_total,d_level,d_shape,P4a_mechanism,spearman_d_b,lo,hi,P4b_verdict,spearman_dlevel_b,spearman_d_b_test_span,P4a_overall,P4b_overall
NEPSE,A2+C,5,270,247,53161,0.2793334563,0.6636709899,0.6584803981,0.005190591794,0.002306165796,0.002884425998,level and shape,-0.2379609603,-0.3538025453,-0.1139239341,confirmed,-0.2670742856,-0.2564704359,not supported,not supported
NEPSE,A2+C,21,268,247,48884,0.2793334563,0.3710006472,0.3666345031,0.004366144133,0.002699010667,0.001667133465,level and shape,-0.1852561183,-0.310060364,-0.05758984325,confirmed,-0.2328269685,-0.2353800819,not supported,not supported
DSE 2023-2026,test half,5,360,351,155917,0.3707921785,0.6316034009,0.6273105448,0.00429285611,0.002145112469,0.00214774364,level and shape,-0.2474300699,-0.3452400839,-0.1494503156,confirmed,-0.119020979,-0.1405530392,not supported,not supported
DSE 2023-2026,test half,21,360,351,150671,0.3707921785,0.2669109475,0.266690893,0.0002200545468,0.003274260367,-0.00305420582,level advantage,-0.2314613165,-0.3280077927,-0.1283744217,confirmed,-0.1989327339,-0.2788817815,not supported,not supported
DSE 2009-2021,test half,5,351,276,441707,0.5501771907,0.604398746,0.6007761669,0.003622579092,0.001612977663,0.002009601429,level and shape,0.1834905324,0.06294127644,0.2993835286,reversed,-0.03193618813,-0.2276429126,not supported,not supported
DSE 2009-2021,test half,21,350,276,443465,0.5501771907,0.3523932971,0.3507573608,0.00163593629,0.001879105079,-0.0002431687884,level advantage,0.02180220031,-0.09705097092,0.141571766,not detected,-0.06535808564,-0.1014595338,not supported,not supported
Vietnam 2007-2020,test half,5,848,627,740157,0.5919327961,0.7703231828,0.7627606525,0.007562530377,0.003952424689,0.003610105688,level and shape,0.0008419284455,-0.07796824896,0.0752973192,not detected,0.05794443272,-0.01141043495,not supported,not supported
Vietnam 2007-2020,test half,21,852,631,797709,0.5919327961,0.2849807326,0.2769819993,0.007998733343,0.004666500027,0.003332233315,level and shape,0.04770860379,-0.03122297878,0.1238263307,not detected,0.09209851848,0.155340255,not supported,not supported
Morocco 2012-2026,test half,5,64,54,65878,0.7066221587,0.6706827921,0.6634204766,0.007262315464,0.003005240318,0.004257075146,level and shape,0.2570992948,-0.03945378473,0.5175279058,not detected,0.2744806556,0.1498626374,not supported,not supported
Morocco 2012-2026,test half,21,64,54,71433,0.7066221587,0.3313952311,0.327236058,0.004159173061,0.003817210948,0.0003419621136,level and shape,0.2481799123,-0.05243438283,0.5272295503,not detected,0.2551172098,0.236996337,not supported,not supported
