sample,statistic,value,lo,hi,n_sessions,from,to
full (incl. 2012-10-05),b,0.9288316847,0.8542408808,0.9989964861,4036,2010-01-04,2026-06-12
full (incl. 2012-10-05),E[o c]/E[P],-0.03756923948,-0.07723696467,-0.0005017936553,4036,2010-01-04,2026-06-12
full (incl. 2012-10-05),E[c o_next]/E[P],0.03658026154,-0.004200041997,0.08023427549,4036,2010-01-04,2026-06-12
full (incl. 2012-10-05),transient share 1 - E[K]/E[OC],0.001266757093,-0.04277796311,0.03626262946,4036,2010-01-04,2026-06-12
full (incl. 2012-10-05),E[P]/E[K],0.9566290744,0.8825643195,1.040698102,4036,2010-01-04,2026-06-12
full (incl. 2012-10-05),E[P]/E[OC],0.9554024513,0.9016996304,1.039644345,4036,2010-01-04,2026-06-12
full (incl. 2012-10-05),YZ/Var21(r),1.015127961,0.9397248395,1.157878097,4036,2010-01-04,2026-06-12
full (incl. 2012-10-05),covariance share of the YZ gap,2.706568939,-28.98558541,6.966737885,4036,2010-01-04,2026-06-12
full (incl. 2012-10-05),"-2 Cov(o,c) / Var21(r)",0.04094486991,0.003028618388,0.08979506292,4036,2010-01-04,2026-06-12
full (incl. 2012-10-05),RS term / Var21(r),-0.0258169087,-0.09148698792,0.1064851826,4036,2010-01-04,2026-06-12
excl. 2012-10-05,b,0.9291794971,0.8537138291,0.9946046946,4035,2010-01-04,2026-06-12
excl. 2012-10-05,E[o c]/E[P],-0.03881561794,-0.07805387046,-0.003058108071,4035,2010-01-04,2026-06-12
excl. 2012-10-05,E[c o_next]/E[P],0.03802067301,-0.003598527152,0.08480404251,4035,2010-01-04,2026-06-12
excl. 2012-10-05,transient share 1 - E[K]/E[OC],0.001054047597,-0.04027961782,0.0398858112,4035,2010-01-04,2026-06-12
excl. 2012-10-05,E[P]/E[K],0.9214640024,0.872584894,0.9705397411,4035,2010-01-04,2026-06-12
excl. 2012-10-05,E[P]/E[OC],0.9204869999,0.8913438611,0.9499767942,4035,2010-01-04,2026-06-12
excl. 2012-10-05,YZ/Var21(r),0.9603596332,0.9220905376,1.006165235,4035,2010-01-04,2026-06-12
excl. 2012-10-05,covariance share of the YZ gap,-1.039168431,-15.65347636,9.022205355,4035,2010-01-04,2026-06-12
excl. 2012-10-05,"-2 Cov(o,c) / Var21(r)",0.04119301783,0.0041054456,0.08740222375,4035,2010-01-04,2026-06-12
excl. 2012-10-05,RS term / Var21(r),-0.08083338467,-0.1062487232,-0.05756688712,4035,2010-01-04,2026-06-12
