market,span,window,residue_targets_test,residue_targets_train,residue_returns,phi_CC_frozen,phi_CC_zero,QLIKE_CC_frozen,QLIKE_CC_zero,n_CC_frozen,n_CC_zero,phi_Anam_frozen,phi_Anam_zero,QLIKE_Anam_frozen,QLIKE_Anam_zero,n_Anam_frozen,n_Anam_zero,phi_OF_frozen,phi_OF_zero,QLIKE_OF_frozen,QLIKE_OF_zero,n_OF_frozen,n_OF_zero,d_Anam_CC_frozen,t_Anam_CC_frozen,verdict_Anam_CC_frozen,d_Anam_CC_zero,t_Anam_CC_zero,verdict_Anam_CC_zero,verdict_Anam_CC_changed,d_OF_CC_frozen,t_OF_CC_frozen,verdict_OF_CC_frozen,d_OF_CC_zero,t_OF_CC_zero,verdict_OF_CC_zero,verdict_OF_CC_changed,d_OF_Anam_frozen,t_OF_Anam_frozen,verdict_OF_Anam_frozen,d_OF_Anam_zero,t_OF_Anam_zero,verdict_OF_Anam_zero,verdict_OF_Anam_changed
NEPSE,A2+C,5,0,1,2564,0.5,0.5,0.6477550256,0.6477550256,53168,53168,0.65,0.65,0.66373288,0.66373288,53168,53168,0.65,0.65,0.6585487096,0.6585487096,53168,53168,0.01597785441,1.19191492,no significant difference,0.01597785441,1.19191492,no significant difference,False,0.01079368398,0.9306566202,no significant difference,0.01079368398,0.9306566202,no significant difference,False,-0.005184170434,-2.47149659,beats,-0.005184170434,-2.47149659,beats,False
NEPSE,A2,5,0,1,2564,0.5,0.5,0.6162211534,0.6162211534,30872,30872,0.65,0.65,0.5990583344,0.5990583344,30872,30872,0.65,0.65,0.5981839382,0.5981839382,30872,30872,-0.01716281896,-1.150055734,no significant difference,-0.01716281896,-1.150055734,no significant difference,False,-0.01803721514,-1.40724037,no significant difference,-0.01803721514,-1.40724037,no significant difference,False,-0.0008743961786,-0.4576762298,no significant difference,-0.0008743961786,-0.4576762298,no significant difference,False
NEPSE,C,5,0,1,2564,0.5,0.5,0.6914181806,0.6914181806,22296,22296,0.65,0.65,0.7532840359,0.7532840359,22296,22296,0.65,0.65,0.7421323668,0.7421323668,22296,22296,0.06186585532,3.505709524,loses to,0.06186585532,3.505709524,loses to,False,0.0507141862,3.375721996,loses to,0.0507141862,3.375721996,loses to,False,-0.01115166912,-3.317300731,beats,-0.01115166912,-3.317300731,beats,False
NEPSE,A2+C,21,0,0,2564,0.55,0.55,0.3616787059,0.3616787059,48912,48912,0.65,0.65,0.3709309295,0.3709309295,48912,48912,0.65,0.65,0.3665690371,0.3665690371,48912,48912,0.009252223576,0.3695535165,no significant difference,0.009252223576,0.3695535165,no significant difference,False,0.004890331174,0.2118251486,no significant difference,0.004890331174,0.2118251486,no significant difference,False,-0.004361892402,-1.639872465,no significant difference,-0.004361892402,-1.639872465,no significant difference,False
NEPSE,A2,21,0,0,2564,0.55,0.55,0.3487580435,0.3487580435,30889,30889,0.65,0.65,0.3231208831,0.3231208831,30889,30889,0.65,0.65,0.3230248935,0.3230248935,30889,30889,-0.02563716044,-1.047956913,no significant difference,-0.02563716044,-1.047956913,no significant difference,False,-0.02573315004,-1.119098724,no significant difference,-0.02573315004,-1.119098724,no significant difference,False,-9.598959492e-05,-0.08407450239,no significant difference,-9.598959492e-05,-0.08407450239,no significant difference,False
NEPSE,C,21,0,0,2564,0.55,0.55,0.3838229849,0.3838229849,18023,18023,0.65,0.65,0.4528709242,0.4528709242,18023,18023,0.65,0.65,0.4411978476,0.4411978476,18023,18023,0.06904793921,2.468230337,loses to,0.06904793921,2.468230337,loses to,False,0.05737486267,2.397026253,loses to,0.05737486267,2.397026253,loses to,False,-0.01167307655,-2.734723814,beats,-0.01167307655,-2.734723814,beats,False
NIFTY50,test half,5,0,0,4,0.4,0.4,0.4724807227,0.4724807227,2013,2013,0.55,0.55,0.4314197357,0.4314197357,2013,2013,0.55,0.55,0.4373508868,0.4373508868,2013,2013,-0.04106098708,-3.068232343,beats,-0.04106098708,-3.068232343,beats,False,-0.03512983591,-3.310123716,beats,-0.03512983591,-3.310123716,beats,False,0.005931151178,1.241407,no significant difference,0.005931151178,1.241407,no significant difference,False
NIFTY50,test half,21,0,0,4,0.65,0.65,0.413644282,0.413644282,1997,1997,0.55,0.55,0.4131304789,0.4131304789,1997,1997,0.6,0.6,0.4190404304,0.4190404304,1997,1997,-0.0005138031387,-0.03964334195,no significant difference,-0.0005138031387,-0.03964334195,no significant difference,False,0.005396148383,0.3376933194,no significant difference,0.005396148383,0.3376933194,no significant difference,False,0.005909951522,0.5974844094,no significant difference,0.005909951522,0.5974844094,no significant difference,False
SP500,test half,5,0,0,3,0.45,0.45,0.5218963746,0.5218963746,2510,2510,0.65,0.65,0.464791448,0.464791448,2510,2510,0.65,0.65,0.4681067292,0.4681067292,2510,2510,-0.05710492661,-6.389225109,beats,-0.05710492661,-6.389225109,beats,False,-0.05378964539,-7.101546765,beats,-0.05378964539,-7.101546765,beats,False,0.003315281227,0.976528468,no significant difference,0.003315281227,0.976528468,no significant difference,False
SP500,test half,21,0,0,3,0.65,0.65,0.3943924477,0.3943924477,2494,2494,0.75,0.75,0.3918953969,0.3918953969,2494,2494,0.75,0.75,0.393575979,0.393575979,2494,2494,-0.002497050717,-0.1989572417,no significant difference,-0.002497050717,-0.1989572417,no significant difference,False,-0.0008164686943,-0.09267834255,no significant difference,-0.0008164686943,-0.09267834255,no significant difference,False,0.001680582023,0.3678153463,no significant difference,0.001680582023,0.3678153463,no significant difference,False
DSE 2023-2026,test half,5,314,132,16665,0.4,0.45,0.6340912132,0.5148482954,155917,155377,0.55,0.55,0.6316034009,0.5118558931,155917,155377,0.55,0.55,0.6273105448,0.5076185933,155917,155377,-0.002487812306,-0.9017507307,no significant difference,-0.002992402318,-1.034487946,no significant difference,False,-0.006780668416,-2.549776647,beats,-0.007229702091,-2.600573992,beats,False,-0.00429285611,-11.35007952,beats,-0.004237299773,-11.18471908,beats,False
DSE 2023-2026,test half,21,0,89,16665,0.5,0.5,0.2748765202,0.2748765202,150671,150671,0.55,0.6,0.2669109475,0.2681932137,150671,150671,0.6,0.6,0.266690893,0.266690893,150671,150671,-0.007965572622,-2.217844552,beats,-0.006683306455,-1.817605956,no significant difference,True,-0.008185627169,-2.301114992,beats,-0.008185627169,-2.301114992,beats,False,-0.0002200545468,-0.1781879558,no significant difference,-0.001502320714,-3.038212111,beats,True
Vietnam 2007-2020,test half,5,2542,490,136888,0.4,0.4,0.7699103488,0.5781516309,740302,735724,0.5,0.5,0.770458456,0.578557819,740302,735724,0.55,0.55,0.7628872474,0.5710592737,740302,735724,0.0005481071729,0.204780321,no significant difference,0.0004061880973,0.147981361,no significant difference,False,-0.007023101347,-3.584709228,beats,-0.007092357173,-3.594830867,beats,False,-0.00757120852,-15.73336414,beats,-0.007498545271,-15.5236871,beats,False
Vietnam 2007-2020,test half,21,15,0,136888,0.4,0.4,0.2736848769,0.2724020522,797796,797768,0.4,0.4,0.2849929874,0.2837081126,797796,797768,0.45,0.45,0.2769865444,0.2757024051,797796,797768,0.01130811049,7.266020954,loses to,0.01130606036,7.262250024,loses to,False,0.00330166756,1.59974735,no significant difference,0.003300352847,1.598908031,no significant difference,False,-0.008006442928,-10.02608569,beats,-0.008005707517,-10.02447618,beats,False
DSE 2009-2021,test half,5,426,30,39028,0.45,0.45,0.6213801475,0.5696272161,441717,440965,0.6,0.6,0.6043929724,0.5526955256,441717,440965,0.6,0.6,0.6007702505,0.5490885782,441717,440965,-0.0169871751,-6.171332256,beats,-0.01693169044,-6.159528325,beats,False,-0.02060989699,-8.303497094,beats,-0.02053863783,-8.279411085,beats,False,-0.003622721886,-9.073722685,beats,-0.003606947398,-9.043174132,beats,False
DSE 2009-2021,test half,21,163,0,39028,0.45,0.45,0.3631422613,0.3391590079,443478,443248,0.55,0.55,0.3523954979,0.3283820266,443478,443248,0.55,0.55,0.3507596059,0.3267502424,443478,443248,-0.01074676343,-3.016788135,beats,-0.01077698133,-3.025838365,beats,False,-0.0123826554,-3.910454076,beats,-0.01240876551,-3.918928825,beats,False,-0.001635891972,-2.823582583,beats,-0.001631784181,-2.819888354,beats,False
Morocco 2012-2026,test half,5,23,23,7212,0.3,0.3,0.6784052473,0.6598881819,65894,65815,0.4,0.4,0.6705895503,0.6521645468,65894,65815,0.4,0.4,0.6633302946,0.6449256283,65894,65815,-0.007815696969,-2.056403176,beats,-0.007723635118,-2.016664982,beats,False,-0.01507495275,-4.531342044,beats,-0.01496255363,-4.483381943,beats,False,-0.007259255777,-4.752743663,beats,-0.007238918509,-4.739422083,beats,False
Morocco 2012-2026,test half,21,0,5,7212,0.3,0.3,0.3363092932,0.3363092932,71433,71433,0.4,0.4,0.3313952311,0.3313952311,71433,71433,0.35,0.35,0.327236058,0.327236058,71433,71433,-0.004914062084,-1.004861179,no significant difference,-0.004914062084,-1.004861179,no significant difference,False,-0.009073235145,-1.940237105,no significant difference,-0.009073235145,-1.940237105,no significant difference,False,-0.004159173061,-2.384477798,beats,-0.004159173061,-2.384477798,beats,False
