first_session_offset,b,kappa_applied,ratio_mean_r2_to_mean_kernel
-60,0.2514288105,0.8216490267,0.8981890071
-50,0.2317299867,0.8316219187,0.7710681109
-40,0.2241501656,0.8190216662,0.7633915719
-30,0.2775385356,0.8599096335,1.099767514
-20,0.3094933468,0.8956439449,0.9839572207
-10,0.3838596272,0.9626558526,1.173534605
0,0.3543069912,0.9336763832,0.6101521635
10,0.2930048388,0.8909187081,0.5732469213
20,0.2505921447,0.8733832355,0.6599791874
30,0.1925999265,0.8070844904,0.5897757688
40,0.1627309895,0.7507803592,0.7188622437
50,0.1255948693,0.6635234241,0.6810462459
60,0.1280274689,0.6770387305,0.788475717
70,0.1309601801,0.6771656293,0.5260947555
80,0.1348535826,0.6832443093,0.8271293524
