month,n_stock_days,b,b_lo,b_hi,oc_over_P,oc_over_P_lo,oc_over_P_hi
2024-03,4141,0.2962867464,-0.2537078506,0.4718344532,-0.1755821599,-0.2666975283,-0.1363315967
2024-04,4399,0.2361457658,0.06049549914,0.3346446362,-0.1978482534,-0.2463650146,-0.1695401982
2024-05,4656,0.2117387406,0.03463347311,0.3597526403,-0.1940459884,-0.2393203867,-0.1591072153
2024-06,4930,0.1960378717,0.0617694903,0.3187127509,-0.2118814794,-0.2668105028,-0.1740555264
2024-07,5602,0.5389317799,0.3441924171,0.7236274933,-0.09066950697,-0.1863059008,-0.04244237077
2024-08,4125,0.3862344781,-0.006498159008,0.6573027386,-0.0756000665,-0.1332302555,-0.04055852325
2024-09,4879,0.2192516838,0.06369165993,0.4930692798,-0.1327837848,-0.1719465918,-0.07650806357
2024-10,4381,0.4226897337,0.2701947146,0.6640194885,-0.1410843578,-0.2132069497,-0.05567780302
2024-11,3898,0.306986507,0.07115843372,0.4796283945,-0.1543052297,-0.2200312532,-0.1151030843
2024-12,4861,0.3138402244,0.1583443395,0.605236616,-0.1607584176,-0.2097613491,-0.08123872551
2025-01,4606,0.227092527,0.09145080242,0.3635591828,-0.1723594351,-0.2072827266,-0.1308069368
2025-02,4373,0.3031996783,0.1908039951,0.5790578607,-0.1717562978,-0.2095845557,-0.1029791963
2025-03,4865,0.2800034602,0.09767198593,0.5172272904,-0.1854386094,-0.2388061704,-0.1133230532
2025-04,4899,0.1935541861,0.07271387918,0.2974189197,-0.2313030751,-0.2917308876,-0.1842325511
2025-05,4427,0.1529472678,0.02816654583,0.3289356839,-0.2107796115,-0.278522498,-0.1517231407
2025-06,5201,0.2418616487,0.1150465696,0.342755565,-0.2193885096,-0.3130265645,-0.1745607591
2025-07,5715,0.3436375936,0.2174711369,0.4770097899,-0.171075625,-0.2340822333,-0.1300363093
2025-08,4988,0.1878089658,0.1126529566,0.327071727,-0.2592803866,-0.3121345782,-0.1790581343
2025-09,2734,0.132659397,-0.1060422433,0.4057329079,-0.2106000272,-0.3577200135,-0.1559232458
2025-10,3252,0.459007812,0.1388962784,0.8656737442,-0.133198032,-0.202684144,-0.03254000554
2025-11,5328,0.2586898699,0.1007531444,0.3753547568,-0.2323413054,-0.294533627,-0.1694972959
2025-12,5157,0.2437210054,0.1148537902,0.3538456431,-0.2767629238,-0.3269168293,-0.2244179408
2026-01,4668,0.2061981431,0.03582026846,0.3730623762,-0.2002638055,-0.3038207155,-0.1233152841
2026-02,4417,0.192389384,0.06382991649,0.2900677896,-0.2368854,-0.3784630632,-0.1958756422
2026-03,4729,0.4965755568,0.09124224688,0.8106872018,-0.1327339045,-0.2256327585,-0.05263346768
2026-04,5638,0.3017414533,0.05338123093,1.011050029,-0.261146215,-0.4887722726,0.002020144606
2026-05,4833,0.07079645083,-0.04015005186,0.1688550892,-0.6301306896,-0.7579293246,-0.4236904768
2026-06,5976,0.1455141792,0.07348581535,0.2719603073,-0.5912840554,-0.7070376804,-0.4153571539
2026-07,6325,0.1585244194,0.06086130359,0.2392469972,-0.4821338287,-0.6182921829,-0.3824774974
2026-08,4967,0.138697919,0.01676707653,0.3823814441,-0.5731101915,-0.7590058605,-0.2946262156
